Objetivo,Valor
Objetivo,83.33092535259718
Objetivo,61.99999999999997
Objetivo,41.66666666666667
Objetivo,80
Objetivo,80
Objetivo,80
Objetivo,55
